"Pair","r","p_value"
"CO2 vs CH4",0.9505,9.33799204638935e-184
"CO2 vs N2O",0.9984,0
"CO2 vs Temp",0.0237,0.653599526635788
"CH4 vs N2O",0.9542,1.2725035945787e-189
"CH4 vs Temp",-0.1,0.0581110458687635
"N2O vs Temp",0.047,0.373904285008103
